Workbook

Sheet Фид (легковые)
A1: Желательно | B1: Обязательно | C1: Обязательно | D1: Обязательно | E1: Обязательно | F1: Обязательно | G1: Обязательно | H1: Обязательно | I1: Обязательно | J1: Обязательно* | K1: Желательно | L1: Обязательно | M1: Обязательно | N1: Рекомендуется | O1: Рекомендуется | P1: Рекомендуется | Q1: Рекомендуется | R1: Рекомендуется | S1: Рекомендуется | T1: Опционально | U1: Опционально | V1: Опционально | W1: Рекомендуется | X1: Опционально | Y1: Обязательно
A2: unique_id | B2: mark_id | C2: folder_id | D2: modification_id | E2: body_type | F2: year | G2: color | H2: price | I2: currency | J2: run | K2: vin | L2: availability | M2: custom | N2: state | O2: owners_number | P2: pts | Q2: wheel | R2: engine_type | S2: drive | T2: haggle | U2: exchange | V2: max_discount | W2: description | X2: url | Y2: images
A3: AVTO-0001 | B3: Hyundai | C3: Sonata | D3: 2.0 AT (150 л.с.) | E3: Седан | F3: 2022 | G3: серый | H3: 2575000 | I3: RUR | J3: 45000 | K3: XWBCA41ZXDK259205 | L3: в наличии | M3: растаможен | N3: отличное | O3: один | P3: оригинал | Q3: Левый | R3: бензин | S3: передний | T3: возможен | U3: Не интересует | V3: 90000 | W3: Один владелец, всё обслуживание у дилера. | X3: http://www.site.ru/car/1 | Y3: http://site.ru/1.jpg|http://site.ru/2.jpg
A4: SGM-RAPTOR-0001 | B4: Ford | C4: Ranger Raptor | D4: 2.0d AT (210 л.с.) 4WD | E4: Пикап Double Cab | F4: 2026 | G4: серый | H4: 8269329 | I4: RUR | J4: 0 | K4: MPBAMFE60SX697372 | L4: в наличии | M4: растаможен | N4: новый | O4: Не было владельцев | P4: оригинал | Q4: Левый | R4: дизель | S4: полный | T4: возможен | U4: Не интересует | W4: 🏁 Ford Ranger Raptor 2.0 4×4 · 2026 Новый, 0 км. В наличии в Самаре. Доставка по всей России. ━━━━━━━━━━━━━━ ⚙️ ФАКТЫ Дизель 2.0 л, битурбо Автомат, 10 передач Полный привод 4×4 Terrain Management — 7 режимов движения Шины 285/70 R17, легкосплавные диски Пикап, двойная кабина 4 двери · 5 мест · левый руль 5381×2028×1922 мм · 2330 кг Салон в коже · сборка Таиланд 📱 В салоне: Экран 12″, приборка 12,4″ SYNC 4A, беспроводные CarPlay и Android Auto Сиденья Raptor, электрорегулировка 10 направлений Двухзонный климат с обдувом 2-го ряда Адаптивный круиз Stop & Go Беспроводная зарядка, розетки 12V и 230V, USB в двух рядах 🛡️ Безопасность: 7 подушек, ISOFIX Автоторможение с распознаванием пешеходов Ассистент экстренного манёвра Контроль слепых зон Камеры 360°, парктроники, автопилот парковки ABS, ESP, HDC, TPMS ✨ Снаружи: Матричные LED-фары с адаптивным дальним C-образные ходовые огни, противотуманки Арки Raptor, защита днища Bedliner с розетками 12V и 230V Буксировочные крюки спереди и сзади 🎨 Цвета: белый · синий · серый · оранжевый · чёрный ━━━━━━━━━━━━━━ 🚀 ЧТО ЭТО ДАЁТ Дизель-битурбо и полный привод везут по бездорожью и держат трассу под грузом. Автомат на 10 передач бережёт топливо и мягко переключается. 7 режимов движения сами настраивают машину под покрытие — песок, грязь, снег. Двойная кабина увозит пятерых, кузов остаётся под работу. ━━━━━━━━━━━━━━ 📋 УСЛОВИЯ Продавец — SGM Auto Group Гарантия 1 год Цена 8 269 523,81 ₽ с учётом НДС 22% Полный пакет документов для юрлиц В наличии · отгрузка по всей России ━━━━━━━━━━━━━━ 📞 Позвоните. Назовём свободные цвета Raptor на складе в Самаре и рассчитаем доставку в ваш город. | Y4: https://site.ru/raptor/1.jpg|https://site.ru/raptor/2.jpg

Sheet Инструкция
B1: Шаблон товарного фида Авто.ру — Легковые автомобили
B3: КАК ЗАПОЛНЯТЬ
B4: 1. Откройте лист «Фид (легковые)».
B5: 2. Строка 3 (зелёная) — это ПРИМЕР. Не удаляйте, но и не загружайте её — она для образца.
B6: 3. Заполняйте данные с 4-й строки в жёлтых ячейках: одна строка = один автомобиль.
B7: 4. Наведите курсор на заголовок столбца (строка 2) — во всплывающем комментарии есть пояснение.
B9: ЦВЕТА ШАПКИ
B10: Красная — поле ОБЯЗАТЕЛЬНО (без него объявление не разместится).
B11: Зелёная — поле необязательно / рекомендуется (улучшает объявление и ранжирование).
B12: Жёлтые ячейки — сюда вписывать значения.
B14: ВАЖНЫЕ ПРАВИЛА (из справки Авто.ру)
B15: • Формат итогового файла — XML, кодировка UTF-8. Эта таблица — удобный ввод; XML собирается на листе «XML».
... B31: «Ручная» (прикрепить XML-файл) или «Автоматическая» (указать URL фида на вашем сервере).

Sheet XML
A1: Готовый XML появится в ячейке A3 после заполнения листа «Фид». Скопируйте A3 целиком и сохраните как .xml (UTF-8).
A3: ="<?xml version=""1.0"" encoding=""utf-8""?>" & CHAR(10) & "<data>" & CHAR(10) & " <cars>" & CHAR(10) & C4 & C5 & C6 & C7 & C8 & C9 & C10 & C11 & C12 & C13 & C14 & C15 & C16 & C17 & C18 & C19 & C20 & C21 & C22 & C23 & C24 & C25 & C26 & C27 & C28 & C29 & C30 & " </cars>" & CHAR(10) & "</data>" -> <?xml version="1.0" encoding="utf-8"?> <data> <cars> <car> <unique_id>SGM-RAPTOR-0001</unique_id> <mark_id>Ford</mark_id> <folder_id>Ranger Raptor</folder_id> <modification_id>2.0d AT (210 л.с.) 4WD</modification_id> <body_type>Пикап Double Cab</body_type> <year>2026</year> <color>серый</color> <price>8269329</price> <currency>RUR</currency> <run>0</run> <vin>MPBAMFE60SX697372</vin> <availability>в наличии</availability> <custom>растаможен</custom> <state>новый</state> <owners_number>Не было владельцев</owners_number> <pts>оригинал</pts> <wheel>Левый</wheel> <engine_type>дизель</engine_type> <drive>полный</drive> <haggle>возможен</haggle> <exchange>Не интересует</exchange> <description>🏁 Ford Ranger Raptor 2.0 4×4 · 2026 Новый, 0 км. В наличии в Самаре. Доставка по всей России. ━━━━━━━━━━━━━━ ⚙️ ФАКТЫ Дизель 2.0 л, битурбо Автомат, 10 передач Полный привод 4×4 Terrain Management — 7 режимов движения Шины 285/70 R17, легкосплавные диски Пикап, двойная кабина 4 двери · 5 мест · левый руль 5381×2028×1922 мм · 2330 кг Салон в коже · сборка Таиланд 📱 В салоне: Экран 12″, приборка 12,4″ SYNC 4A, беспроводные CarPlay и Android Auto Сиденья Raptor, электрорегулировка 10 направлений Двухзонный климат с обдувом 2-го ряда Адаптивный круиз Stop &amp; Go Беспроводная зарядка, розетки 12V и 230V, USB в двух рядах 🛡️ Безопасность: 7 подушек, ISOFIX Автоторможение с распознаванием пешеходов Ассистент экстренного манёвра Контроль слепых зон Камеры 360°, парктроники, автопилот парковки ABS, ESP, HDC, TPMS ✨ Снаружи: Матричные LED-фары с адаптивным дальним C-образные ходовые огни, противотуманки Арки Raptor, защита днища Bedliner с розетками 12V и 230V Буксировочные крюки спереди и сзади 🎨 Цвета: белый · синий · серый · оранжевый · чёрный ━━━━━━━━━━━━━━ 🚀 ЧТО ЭТО ДАЁТ Дизель-битурбо и полный привод везут по бездорожью и держат трассу под грузом. Автомат на 10 передач бережёт топливо и мягко переключается. 7 режимов движения сами настраивают машину под покрытие — песок, грязь, снег. Двойная кабина увозит пятерых, кузов остаётся под работу. ━━━━━━━━━━━━━━ 📋 УСЛОВИЯ Продавец — SGM Auto Group Гарантия 1 год Цена 8 269 523,81 ₽ с учётом НДС 22% Полный пакет документов для юрлиц В наличии · отгрузка по всей России ━━━━━━━━━━━━━━ 📞 Позвоните. Назовём свободные цвета Raptor на складе в Самаре и рассчитаем доставку в ваш город.</description> <images><image>https://site.ru/raptor/1.jpg</image><image>https://site.ru/raptor/2.jpg</image></images> </car> </cars> </data> | C3: Фрагменты (служебные, столбец можно скрыть):
C4: =IF('Фид (легковые)'!B4<>"", " <car>" & CHAR(10) & IF('Фид (легковые)'!A4<>"", " <unique_id>" & 'Фид (легковые)'!A4 & "</unique_id>", "") & CHAR(10) & IF('Фид (легковые)'!B4<>"", " <mark_id>" & 'Фид (легковые)'!B4 & "</mark_id>", "") & CHAR(10) & IF('Фид (легковые)'!C4<>"", " <folder_id>" & 'Фид (легковые)'!C4 & "</folder_id>", "") & CHAR(10) & IF('Фид (легковые)'!D4<>"", " <modification_id>" & 'Фид (легковые)'!D4 & "</modification_id>", "") & CHAR(10) & IF('Фид (легковые)'!E4<>"", " <body_type>" & 'Фид (легковые)'!E4 & "</body_type>", "") & CHAR(10) & IF('Фид (легковые)'!F4<>"", " <year>" & 'Фид (легковые)'!F4 & "</year>", "") & CHAR(10) & IF('Фид (легковые)'!G4<>"", " <color>" & 'Фид (легковые)'!G4 & "</color>", "") & CHAR(10) & IF('Фид (легковые)'!H4<>"", " <price>" & 'Фид (легковые)'!H4 & "</price>", "") & CHAR(10) & IF('Фид (легковые)'!I4<>"", " <currency>" & 'Фид (легковые)'!I4 & "</currency>", "") & CHAR(10) & IF('Фид (легковые)'!J4<>"", " <run>" & 'Фид (легковые)'!J4 & "</run>", "") & CHAR(10) & IF('Фид (легковые)'!K4<>"", " <vin>" & 'Фид (легковые)'!K4 & "</vin>", "") & CHAR(10) & IF('Фид (легковые)'!L4<>"", " <availability>" & 'Фид (легковые)'!L4 & "</availability>", "") & CHAR(10) & IF('Фид (легковые)'!M4<>"", " <custom>" & 'Фид (легковые)'!M4 & "</custom>", "") & CHAR(10) & IF('Фид (легковые)'!N4<>"", " <state>" & 'Фид (легковые)'!N4 & "</state>", "") & CHAR(10) & IF('Фид (легковые)'!O4<>"", " <owners_number>" & 'Фид (легковые)'!O4 & "</owners_number>", "") & CHAR(10) & IF('Фид (легковые)'!P4<>"", " <pts>" & 'Фид (легковые)'!P4 & "</pts>", "") & CHAR(10) & IF('Фид (легковые)'!Q4<>"", " <wheel>" & 'Фид (легковые)'!Q4 & "</wheel>", "") & CHAR(10) & IF('Фид (легковые)'!R4<>"", " <engine_type>" & 'Фид (легковые)'!R4 & "</engine_type>", "") & CHAR(10) & IF('Фид (легковые)'!S4<>"", " <drive>" & 'Фид (легковые)'!S4 & "</drive>", "") & CHAR(10) & IF('Фид (легковые)'!T4<>"", " <haggle>" & 'Фид (легковые)'!T4 & "</haggle>", "") & CHAR(10) & IF('Фид (легковые)'!U4<>"", " <exchange>" & 'Фид (легковые)'!U4 & "</exchange>", "") & CHAR(10) & IF('Фид (легковые)'!V4<>"", " <max_discount>" & 'Фид (легковые)'!V4 & "</max_discount>", "") & CHAR(10) & IF('Фид (легковые)'!W4<>"", " <description>" & SUBSTITUTE(SUBSTITUTE(SUBSTITUTE('Фид (легковые)'!W4,"&","&amp;"),"<","&lt;"),">","&gt;") & "</description>", "") & CHAR(10) & IF('Фид (легковые)'!X4<>"", " <url>" & 'Фид (легковые)'!X4 & "</url>", "") & CHAR(10) & IF('Фид (легковые)'!Y4<>"", " <images><image>" & SUBSTITUTE(SUBSTITUTE(SUBSTITUTE(SUBSTITUTE('Фид (легковые)'!Y4,"&","&amp;"),"<","&lt;"),">","&gt;"),"|","</image><image>") & "</image></images>", "") & CHAR(10) & " </car>" & CHAR(10), "") -> <car> <unique_id>SGM-RAPTOR-0001</unique_id> <mark_id>Ford</mark_id> <folder_id>Ranger Raptor</folder_id> <modification_id>2.0d AT (210 л.с.) 4WD</modification_id> <body_type>Пикап Double Cab</body_type> <year>2026</year> <color>серый</color> <price>8269329</price> <currency>RUR</currency> <run>0</run> <vin>MPBAMFE60SX697372</vin> <availability>в наличии</availability> <custom>растаможен</custom> <state>новый</state> <owners_number>Не было владельцев</owners_number> <pts>оригинал</pts> <wheel>Левый</wheel> <engine_type>дизель</engine_type> <drive>полный</drive> <haggle>возможен</haggle> <exchange>Не интересует</exchange> <description>🏁 Ford Ranger Raptor 2.0 4×4 · 2026 Новый, 0 км. В наличии в Самаре. Доставка по всей России. ━━━━━━━━━━━━━━ ⚙️ ФАКТЫ Дизель 2.0 л, битурбо Автомат, 10 передач Полный привод 4×4 Terrain Management — 7 режимов движения Шины 285/70 R17, легкосплавные диски Пикап, двойная кабина 4 двери · 5 мест · левый руль 5381×2028×1922 мм · 2330 кг Салон в коже · сборка Таиланд 📱 В салоне: Экран 12″, приборка 12,4″ SYNC 4A, беспроводные CarPlay и Android Auto Сиденья Raptor, электрорегулировка 10 направлений Двухзонный климат с обдувом 2-го ряда Адаптивный круиз Stop &amp; Go Беспроводная зарядка, розетки 12V и 230V, USB в двух рядах 🛡️ Безопасность: 7 подушек, ISOFIX Автоторможение с распознаванием пешеходов Ассистент экстренного манёвра Контроль слепых зон Камеры 360°, парктроники, автопилот парковки ABS, ESP, HDC, TPMS ✨ Снаружи: Матричные LED-фары с адаптивным дальним C-образные ходовые огни, противотуманки Арки Raptor, защита днища Bedliner с розетками 12V и 230V Буксировочные крюки спереди и сзади 🎨 Цвета: белый · синий · серый · оранжевый · чёрный ━━━━━━━━━━━━━━ 🚀 ЧТО ЭТО ДАЁТ Дизель-битурбо и полный привод везут по бездорожью и держат трассу под грузом. Автомат на 10 передач бережёт топливо и мягко переключается. 7 режимов движения сами настраивают машину под покрытие — песок, грязь, снег. Двойная кабина увозит пятерых, кузов остаётся под работу. ━━━━━━━━━━━━━━ 📋 УСЛОВИЯ Продавец — SGM Auto Group Гарантия 1 год Цена 8 269 523,81 ₽ с учётом НДС 22% Полный пакет документов для юрлиц В наличии · отгрузка по всей России ━━━━━━━━━━━━━━ 📞 Позвоните. Назовём свободные цвета Raptor на складе в Самаре и рассчитаем доставку в ваш город.</description> <images><image>https://site.ru/raptor/1.jpg</image><image>https://site.ru/raptor/2.jpg</image></images> </car>
C5: =IF('Фид (легковые)'!B5<>"", " <car>" & CHAR(10) & IF('Фид (легковые)'!A5<>"", " <unique_id>" & 'Фид (легковые)'!A5 & "</unique_id>", "") & CHAR(10) & IF('Фид (легковые)'!B5<>"", " <mark_id>" & 'Фид (легковые)'!B5 & "</mark_id>", "") & CHAR(10) & IF('Фид (легковые)'!C5<>"", " <folder_id>" & 'Фид (легковые)'!C5 & "</folder_id>", "") & CHAR(10) & IF('Фид (легковые)'!D5<>"", " <modification_id>" & 'Фид (легковые)'!D5 & "</modification_id>", "") & CHAR(10) & IF('Фид (легковые)'!E5<>"", " <body_type>" & 'Фид (легковые)'!E5 & "</body_type>", "") & CHAR(10) & IF('Фид (легковые)'!F5<>"", " <year>" & 'Фид (легковые)'!F5 & "</year>", "") & CHAR(10) & IF('Фид (легковые)'!G5<>"", " <color>" & 'Фид (легковые)'!G5 & "</color>", "") & CHAR(10) & IF('Фид (легковые)'!H5<>"", " <price>" & 'Фид (легковые)'!H5 & "</price>", "") & CHAR(10) & IF('Фид (легковые)'!I5<>"", " <currency>" & 'Фид (легковые)'!I5 & "</currency>", "") & CHAR(10) & IF('Фид (легковые)'!J5<>"", " <run>" & 'Фид (легковые)'!J5 & "</run>", "") & CHAR(10) & IF('Фид (легковые)'!K5<>"", " <vin>" & 'Фид (легковые)'!K5 & "</vin>", "") & CHAR(10) & IF('Фид (легковые)'!L5<>"", " <availability>" & 'Фид (легковые)'!L5 & "</availability>", "") & CHAR(10) & IF('Фид (легковые)'!M5<>"", " <custom>" & 'Фид (легковые)'!M5 & "</custom>", "") & CHAR(10) & IF('Фид (легковые)'!N5<>"", " <state>" & 'Фид (легковые)'!N5 & "</state>", "") & CHAR(10) & IF('Фид (легковые)'!O5<>"", " <owners_number>" & 'Фид (легковые)'!O5 & "</owners_number>", "") & CHAR(10) & IF('Фид (легковые)'!P5<>"", " <pts>" & 'Фид (легковые)'!P5 & "</pts>", "") & CHAR(10) & IF('Фид (легковые)'!Q5<>"", " <wheel>" & 'Фид (легковые)'!Q5 & "</wheel>", "") & CHAR(10) & IF('Фид (легковые)'!R5<>"", " <engine_type>" & 'Фид (легковые)'!R5 & "</engine_type>", "") & CHAR(10) & IF('Фид (легковые)'!S5<>"", " <drive>" & 'Фид (легковые)'!S5 & "</drive>", "") & CHAR(10) & IF('Фид (легковые)'!T5<>"", " <haggle>" & 'Фид (легковые)'!T5 & "</haggle>", "") & CHAR(10) & IF('Фид (легковые)'!U5<>"", " <exchange>" & 'Фид (легковые)'!U5 & "</exchange>", "") & CHAR(10) & IF('Фид (легковые)'!V5<>"", " <max_discount>" & 'Фид (легковые)'!V5 & "</max_discount>", "") & CHAR(10) & IF('Фид (легковые)'!W5<>"", " <description>" & SUBSTITUTE(SUBSTITUTE(SUBSTITUTE('Фид (легковые)'!W5,"&","&amp;"),"<","&lt;"),">","&gt;") & "</description>", "") & CHAR(10) & IF('Фид (легковые)'!X5<>"", " <url>" & 'Фид (легковые)'!X5 & "</url>", "") & CHAR(10) & IF('Фид (легковые)'!Y5<>"", " <images><image>" & SUBSTITUTE(SUBSTITUTE(SUBSTITUTE(SUBSTITUTE('Фид (легковые)'!Y5,"&","&amp;"),"<","&lt;"),">","&gt;"),"|","</image><image>") & "</image></images>", "") & CHAR(10) & " </car>" & CHAR(10), "")
C6: =IF('Фид (легковые)'!B6<>"", " <car>" & CHAR(10) & IF('Фид (легковые)'!A6<>"", " <unique_id>" & 'Фид (легковые)'!A6 & "</unique_id>", "") & CHAR(10) & IF('Фид (легковые)'!B6<>"", " <mark_id>" & 'Фид (легковые)'!B6 & "</mark_id>", "") & CHAR(10) & IF('Фид (легковые)'!C6<>"", " <folder_id>" & 'Фид (легковые)'!C6 & "</folder_id>", "") & CHAR(10) & IF('Фид (легковые)'!D6<>"", " <modification_id>" & 'Фид (легковые)'!D6 & "</modification_id>", "") & CHAR(10) & IF('Фид (легковые)'!E6<>"", " <body_type>" & 'Фид (легковые)'!E6 & "</body_type>", "") & CHAR(10) & IF('Фид (легковые)'!F6<>"", " <year>" & 'Фид (легковые)'!F6 & "</year>", "") & CHAR(10) & IF('Фид (легковые)'!G6<>"", " <color>" & 'Фид (легковые)'!G6 & "</color>", "") & CHAR(10) & IF('Фид (легковые)'!H6<>"", " <price>" & 'Фид (легковые)'!H6 & "</price>", "") & CHAR(10) & IF('Фид (легковые)'!I6<>"", " <currency>" & 'Фид (легковые)'!I6 & "</currency>", "") & CHAR(10) & IF('Фид (легковые)'!J6<>"", " <run>" & 'Фид (легковые)'!J6 & "</run>", "") & CHAR(10) & IF('Фид (легковые)'!K6<>"", " <vin>" & 'Фид (легковые)'!K6 & "</vin>", "") & CHAR(10) & IF('Фид (легковые)'!L6<>"", " <availability>" & 'Фид (легковые)'!L6 & "</availability>", "") & CHAR(10) & IF('Фид (легковые)'!M6<>"", " <custom>" & 'Фид (легковые)'!M6 & "</custom>", "") & CHAR(10) & IF('Фид (легковые)'!N6<>"", " <state>" & 'Фид (легковые)'!N6 & "</state>", "") & CHAR(10) & IF('Фид (легковые)'!O6<>"", " <owners_number>" & 'Фид (легковые)'!O6 & "</owners_number>", "") & CHAR(10) & IF('Фид (легковые)'!P6<>"", " <pts>" & 'Фид (легковые)'!P6 & "</pts>", "") & CHAR(10) & IF('Фид (легковые)'!Q6<>"", " <wheel>" & 'Фид (легковые)'!Q6 & "</wheel>", "") & CHAR(10) & IF('Фид (легковые)'!R6<>"", " <engine_type>" & 'Фид (легковые)'!R6 & "</engine_type>", "") & CHAR(10) & IF('Фид (легковые)'!S6<>"", " <drive>" & 'Фид (легковые)'!S6 & "</drive>", "") & CHAR(10) & IF('Фид (легковые)'!T6<>"", " <haggle>" & 'Фид (легковые)'!T6 & "</haggle>", "") & CHAR(10) & IF('Фид (легковые)'!U6<>"", " <exchange>" & 'Фид (легковые)'!U6 & "</exchange>", "") & CHAR(10) & IF('Фид (легковые)'!V6<>"", " <max_discount>" & 'Фид (легковые)'!V6 & "</max_discount>", "") & CHAR(10) & IF('Фид (легковые)'!W6<>"", " <description>" & SUBSTITUTE(SUBSTITUTE(SUBSTITUTE('Фид (легковые)'!W6,"&","&amp;"),"<","&lt;"),">","&gt;") & "</description>", "") & CHAR(10) & IF('Фид (легковые)'!X6<>"", " <url>" & 'Фид (легковые)'!X6 & "</url>", "") & CHAR(10) & IF('Фид (легковые)'!Y6<>"", " <images><image>" & SUBSTITUTE(SUBSTITUTE(SUBSTITUTE(SUBSTITUTE('Фид (легковые)'!Y6,"&","&amp;"),"<","&lt;"),">","&gt;"),"|","</image><image>") & "</image></images>", "") & CHAR(10) & " </car>" & CHAR(10), "")
C7: =IF('Фид (легковые)'!B7<>"", " <car>" & CHAR(10) & IF('Фид (легковые)'!A7<>"", " <unique_id>" & 'Фид (легковые)'!A7 & "</unique_id>", "") & CHAR(10) & IF('Фид (легковые)'!B7<>"", " <mark_id>" & 'Фид (легковые)'!B7 & "</mark_id>", "") & CHAR(10) & IF('Фид (легковые)'!C7<>"", " <folder_id>" & 'Фид (легковые)'!C7 & "</folder_id>", "") & CHAR(10) & IF('Фид (легковые)'!D7<>"", " <modification_id>" & 'Фид (легковые)'!D7 & "</modification_id>", "") & CHAR(10) & IF('Фид (легковые)'!E7<>"", " <body_type>" & 'Фид (легковые)'!E7 & "</body_type>", "") & CHAR(10) & IF('Фид (легковые)'!F7<>"", " <year>" & 'Фид (легковые)'!F7 & "</year>", "") & CHAR(10) & IF('Фид (легковые)'!G7<>"", " <color>" & 'Фид (легковые)'!G7 & "</color>", "") & CHAR(10) & IF('Фид (легковые)'!H7<>"", " <price>" & 'Фид (легковые)'!H7 & "</price>", "") & CHAR(10) & IF('Фид (легковые)'!I7<>"", " <currency>" & 'Фид (легковые)'!I7 & "</currency>", "") & CHAR(10) & IF('Фид (легковые)'!J7<>"", " <run>" & 'Фид (легковые)'!J7 & "</run>", "") & CHAR(10) & IF('Фид (легковые)'!K7<>"", " <vin>" & 'Фид (легковые)'!K7 & "</vin>", "") & CHAR(10) & IF('Фид (легковые)'!L7<>"", " <availability>" & 'Фид (легковые)'!L7 & "</availability>", "") & CHAR(10) & IF('Фид (легковые)'!M7<>"", " <custom>" & 'Фид (легковые)'!M7 & "</custom>", "") & CHAR(10) & IF('Фид (легковые)'!N7<>"", " <state>" & 'Фид (легковые)'!N7 & "</state>", "") & CHAR(10) & IF('Фид (легковые)'!O7<>"", " <owners_number>" & 'Фид (легковые)'!O7 & "</owners_number>", "") & CHAR(10) & IF('Фид (легковые)'!P7<>"", " <pts>" & 'Фид (легковые)'!P7 & "</pts>", "") & CHAR(10) & IF('Фид (легковые)'!Q7<>"", " <wheel>" & 'Фид (легковые)'!Q7 & "</wheel>", "") & CHAR(10) & IF('Фид (легковые)'!R7<>"", " <engine_type>" & 'Фид (легковые)'!R7 & "</engine_type>", "") & CHAR(10) & IF('Фид (легковые)'!S7<>"", " <drive>" & 'Фид (легковые)'!S7 & "</drive>", "") & CHAR(10) & IF('Фид (легковые)'!T7<>"", " <haggle>" & 'Фид (легковые)'!T7 & "</haggle>", "") & CHAR(10) & IF('Фид (легковые)'!U7<>"", " <exchange>" & 'Фид (легковые)'!U7 & "</exchange>", "") & CHAR(10) & IF('Фид (легковые)'!V7<>"", " <max_discount>" & 'Фид (легковые)'!V7 & "</max_discount>", "") & CHAR(10) & IF('Фид (легковые)'!W7<>"", " <description>" & SUBSTITUTE(SUBSTITUTE(SUBSTITUTE('Фид (легковые)'!W7,"&","&amp;"),"<","&lt;"),">","&gt;") & "</description>", "") & CHAR(10) & IF('Фид (легковые)'!X7<>"", " <url>" & 'Фид (легковые)'!X7 & "</url>", "") & CHAR(10) & IF('Фид (легковые)'!Y7<>"", " <images><image>" & SUBSTITUTE(SUBSTITUTE(SUBSTITUTE(SUBSTITUTE('Фид (легковые)'!Y7,"&","&amp;"),"<","&lt;"),">","&gt;"),"|","</image><image>") & "</image></images>", "") & CHAR(10) & " </car>" & CHAR(10), "")
C8: =IF('Фид (легковые)'!B8<>"", " <car>" & CHAR(10) & IF('Фид (легковые)'!A8<>"", " <unique_id>" & 'Фид (легковые)'!A8 & "</unique_id>", "") & CHAR(10) & IF('Фид (легковые)'!B8<>"", " <mark_id>" & 'Фид (легковые)'!B8 & "</mark_id>", "") & CHAR(10) & IF('Фид (легковые)'!C8<>"", " <folder_id>" & 'Фид (легковые)'!C8 & "</folder_id>", "") & CHAR(10) & IF('Фид (легковые)'!D8<>"", " <modification_id>" & 'Фид (легковые)'!D8 & "</modification_id>", "") & CHAR(10) & IF('Фид (легковые)'!E8<>"", " <body_type>" & 'Фид (легковые)'!E8 & "</body_type>", "") & CHAR(10) & IF('Фид (легковые)'!F8<>"", " <year>" & 'Фид (легковые)'!F8 & "</year>", "") & CHAR(10) & IF('Фид (легковые)'!G8<>"", " <color>" & 'Фид (легковые)'!G8 & "</color>", "") & CHAR(10) & IF('Фид (легковые)'!H8<>"", " <price>" & 'Фид (легковые)'!H8 & "</price>", "") & CHAR(10) & IF('Фид (легковые)'!I8<>"", " <currency>" & 'Фид (легковые)'!I8 & "</currency>", "") & CHAR(10) & IF('Фид (легковые)'!J8<>"", " <run>" & 'Фид (легковые)'!J8 & "</run>", "") & CHAR(10) & IF('Фид (легковые)'!K8<>"", " <vin>" & 'Фид (легковые)'!K8 & "</vin>", "") & CHAR(10) & IF('Фид (легковые)'!L8<>"", " <availability>" & 'Фид (легковые)'!L8 & "</availability>", "") & CHAR(10) & IF('Фид (легковые)'!M8<>"", " <custom>" & 'Фид (легковые)'!M8 & "</custom>", "") & CHAR(10) & IF('Фид (легковые)'!N8<>"", " <state>" & 'Фид (легковые)'!N8 & "</state>", "") & CHAR(10) & IF('Фид (легковые)'!O8<>"", " <owners_number>" & 'Фид (легковые)'!O8 & "</owners_number>", "") & CHAR(10) & IF('Фид (легковые)'!P8<>"", " <pts>" & 'Фид (легковые)'!P8 & "</pts>", "") & CHAR(10) & IF('Фид (легковые)'!Q8<>"", " <wheel>" & 'Фид (легковые)'!Q8 & "</wheel>", "") & CHAR(10) & IF('Фид (легковые)'!R8<>"", " <engine_type>" & 'Фид (легковые)'!R8 & "</engine_type>", "") & CHAR(10) & IF('Фид (легковые)'!S8<>"", " <drive>" & 'Фид (легковые)'!S8 & "</drive>", "") & CHAR(10) & IF('Фид (легковые)'!T8<>"", " <haggle>" & 'Фид (легковые)'!T8 & "</haggle>", "") & CHAR(10) & IF('Фид (легковые)'!U8<>"", " <exchange>" & 'Фид (легковые)'!U8 & "</exchange>", "") & CHAR(10) & IF('Фид (легковые)'!V8<>"", " <max_discount>" & 'Фид (легковые)'!V8 & "</max_discount>", "") & CHAR(10) & IF('Фид (легковые)'!W8<>"", " <description>" & SUBSTITUTE(SUBSTITUTE(SUBSTITUTE('Фид (легковые)'!W8,"&","&amp;"),"<","&lt;"),">","&gt;") & "</description>", "") & CHAR(10) & IF('Фид (легковые)'!X8<>"", " <url>" & 'Фид (легковые)'!X8 & "</url>", "") & CHAR(10) & IF('Фид (легковые)'!Y8<>"", " <images><image>" & SUBSTITUTE(SUBSTITUTE(SUBSTITUTE(SUBSTITUTE('Фид (легковые)'!Y8,"&","&amp;"),"<","&lt;"),">","&gt;"),"|","</image><image>") & "</image></images>", "") & CHAR(10) & " </car>" & CHAR(10), "")
C9: =IF('Фид (легковые)'!B9<>"", " <car>" & CHAR(10) & IF('Фид (легковые)'!A9<>"", " <unique_id>" & 'Фид (легковые)'!A9 & "</unique_id>", "") & CHAR(10) & IF('Фид (легковые)'!B9<>"", " <mark_id>" & 'Фид (легковые)'!B9 & "</mark_id>", "") & CHAR(10) & IF('Фид (легковые)'!C9<>"", " <folder_id>" & 'Фид (легковые)'!C9 & "</folder_id>", "") & CHAR(10) & IF('Фид (легковые)'!D9<>"", " <modification_id>" & 'Фид (легковые)'!D9 & "</modification_id>", "") & CHAR(10) & IF('Фид (легковые)'!E9<>"", " <body_type>" & 'Фид (легковые)'!E9 & "</body_type>", "") & CHAR(10) & IF('Фид (легковые)'!F9<>"", " <year>" & 'Фид (легковые)'!F9 & "</year>", "") & CHAR(10) & IF('Фид (легковые)'!G9<>"", " <color>" & 'Фид (легковые)'!G9 & "</color>", "") & CHAR(10) & IF('Фид (легковые)'!H9<>"", " <price>" & 'Фид (легковые)'!H9 & "</price>", "") & CHAR(10) & IF('Фид (легковые)'!I9<>"", " <currency>" & 'Фид (легковые)'!I9 & "</currency>", "") & CHAR(10) & IF('Фид (легковые)'!J9<>"", " <run>" & 'Фид (легковые)'!J9 & "</run>", "") & CHAR(10) & IF('Фид (легковые)'!K9<>"", " <vin>" & 'Фид (легковые)'!K9 & "</vin>", "") & CHAR(10) & IF('Фид (легковые)'!L9<>"", " <availability>" & 'Фид (легковые)'!L9 & "</availability>", "") & CHAR(10) & IF('Фид (легковые)'!M9<>"", " <custom>" & 'Фид (легковые)'!M9 & "</custom>", "") & CHAR(10) & IF('Фид (легковые)'!N9<>"", " <state>" & 'Фид (легковые)'!N9 & "</state>", "") & CHAR(10) & IF('Фид (легковые)'!O9<>"", " <owners_number>" & 'Фид (легковые)'!O9 & "</owners_number>", "") & CHAR(10) & IF('Фид (легковые)'!P9<>"", " <pts>" & 'Фид (легковые)'!P9 & "</pts>", "") & CHAR(10) & IF('Фид (легковые)'!Q9<>"", " <wheel>" & 'Фид (легковые)'!Q9 & "</wheel>", "") & CHAR(10) & IF('Фид (легковые)'!R9<>"", " <engine_type>" & 'Фид (легковые)'!R9 & "</engine_type>", "") & CHAR(10) & IF('Фид (легковые)'!S9<>"", " <drive>" & 'Фид (легковые)'!S9 & "</drive>", "") & CHAR(10) & IF('Фид (легковые)'!T9<>"", " <haggle>" & 'Фид (легковые)'!T9 & "</haggle>", "") & CHAR(10) & IF('Фид (легковые)'!U9<>"", " <exchange>" & 'Фид (легковые)'!U9 & "</exchange>", "") & CHAR(10) & IF('Фид (легковые)'!V9<>"", " <max_discount>" & 'Фид (легковые)'!V9 & "</max_discount>", "") & CHAR(10) & IF('Фид (легковые)'!W9<>"", " <description>" & SUBSTITUTE(SUBSTITUTE(SUBSTITUTE('Фид (легковые)'!W9,"&","&amp;"),"<","&lt;"),">","&gt;") & "</description>", "") & CHAR(10) & IF('Фид (легковые)'!X9<>"", " <url>" & 'Фид (легковые)'!X9 & "</url>", "") & CHAR(10) & IF('Фид (легковые)'!Y9<>"", " <images><image>" & SUBSTITUTE(SUBSTITUTE(SUBSTITUTE(SUBSTITUTE('Фид (легковые)'!Y9,"&","&amp;"),"<","&lt;"),">","&gt;"),"|","</image><image>") & "</image></images>", "") & CHAR(10) & " </car>" & CHAR(10), "")
C10: =IF('Фид (легковые)'!B10<>"", " <car>" & CHAR(10) & IF('Фид (легковые)'!A10<>"", " <unique_id>" & 'Фид (легковые)'!A10 & "</unique_id>", "") & CHAR(10) & IF('Фид (легковые)'!B10<>"", " <mark_id>" & 'Фид (легковые)'!B10 & "</mark_id>", "") & CHAR(10) & IF('Фид (легковые)'!C10<>"", " <folder_id>" & 'Фид (легковые)'!C10 & "</folder_id>", "") & CHAR(10) & IF('Фид (легковые)'!D10<>"", " <modification_id>" & 'Фид (легковые)'!D10 & "</modification_id>", "") & CHAR(10) & IF('Фид (легковые)'!E10<>"", " <body_type>" & 'Фид (легковые)'!E10 & "</body_type>", "") & CHAR(10) & IF('Фид (легковые)'!F10<>"", " <year>" & 'Фид (легковые)'!F10 & "</year>", "") & CHAR(10) & IF('Фид (легковые)'!G10<>"", " <color>" & 'Фид (легковые)'!G10 & "</color>", "") & CHAR(10) & IF('Фид (легковые)'!H10<>"", " <price>" & 'Фид (легковые)'!H10 & "</price>", "") & CHAR(10) & IF('Фид (легковые)'!I10<>"", " <currency>" & 'Фид (легковые)'!I10 & "</currency>", "") & CHAR(10) & IF('Фид (легковые)'!J10<>"", " <run>" & 'Фид (легковые)'!J10 & "</run>", "") & CHAR(10) & IF('Фид (легковые)'!K10<>"", " <vin>" & 'Фид (легковые)'!K10 & "</vin>", "") & CHAR(10) & IF('Фид (легковые)'!L10<>"", " <availability>" & 'Фид (легковые)'!L10 & "</availability>", "") & CHAR(10) & IF('Фид (легковые)'!M10<>"", " <custom>" & 'Фид (легковые)'!M10 & "</custom>", "") & CHAR(10) & IF('Фид (легковые)'!N10<>"", " <state>" & 'Фид (легковые)'!N10 & "</state>", "") & CHAR(10) & IF('Фид (легковые)'!O10<>"", " <owners_number>" & 'Фид (легковые)'!O10 & "</owners_number>", "") & CHAR(10) & IF('Фид (легковые)'!P10<>"", " <pts>" & 'Фид (легковые)'!P10 & "</pts>", "") & CHAR(10) & IF('Фид (легковые)'!Q10<>"", " <wheel>" & 'Фид (легковые)'!Q10 & "</wheel>", "") & CHAR(10) & IF('Фид (легковые)'!R10<>"", " <engine_type>" & 'Фид (легковые)'!R10 & "</engine_type>", "") & CHAR(10) & IF('Фид (легковые)'!S10<>"", " <drive>" & 'Фид (легковые)'!S10 & "</drive>", "") & CHAR(10) & IF('Фид (легковые)'!T10<>"", " <haggle>" & 'Фид (легковые)'!T10 & "</haggle>", "") & CHAR(10) & IF('Фид (легковые)'!U10<>"", " <exchange>" & 'Фид (легковые)'!U10 & "</exchange>", "") & CHAR(10) & IF('Фид (легковые)'!V10<>"", " <max_discount>" & 'Фид (легковые)'!V10 & "</max_discount>", "") & CHAR(10) & IF('Фид (легковые)'!W10<>"", " <description>" & SUBSTITUTE(SUBSTITUTE(SUBSTITUTE('Фид (легковые)'!W10,"&","&amp;"),"<","&lt;"),">","&gt;") & "</description>", "") & CHAR(10) & IF('Фид (легковые)'!X10<>"", " <url>" & 'Фид (легковые)'!X10 & "</url>", "") & CHAR(10) & IF('Фид (легковые)'!Y10<>"", " <images><image>" & SUBSTITUTE(SUBSTITUTE(SUBSTITUTE(SUBSTITUTE('Фид (легковые)'!Y10,"&","&amp;"),"<","&lt;"),">","&gt;"),"|","</image><image>") & "</image></images>", "") & CHAR(10) & " </car>" & CHAR(10), "")
C11: =IF('Фид (легковые)'!B11<>"", " <car>" & CHAR(10) & IF('Фид (легковые)'!A11<>"", " <unique_id>" & 'Фид (легковые)'!A11 & "</unique_id>", "") & CHAR(10) & IF('Фид (легковые)'!B11<>"", " <mark_id>" & 'Фид (легковые)'!B11 & "</mark_id>", "") & CHAR(10) & IF('Фид (легковые)'!C11<>"", " <folder_id>" & 'Фид (легковые)'!C11 & "</folder_id>", "") & CHAR(10) & IF('Фид (легковые)'!D11<>"", " <modification_id>" & 'Фид (легковые)'!D11 & "</modification_id>", "") & CHAR(10) & IF('Фид (легковые)'!E11<>"", " <body_type>" & 'Фид (легковые)'!E11 & "</body_type>", "") & CHAR(10) & IF('Фид (легковые)'!F11<>"", " <year>" & 'Фид (легковые)'!F11 & "</year>", "") & CHAR(10) & IF('Фид (легковые)'!G11<>"", " <color>" & 'Фид (легковые)'!G11 & "</color>", "") & CHAR(10) & IF('Фид (легковые)'!H11<>"", " <price>" & 'Фид (легковые)'!H11 & "</price>", "") & CHAR(10) & IF('Фид (легковые)'!I11<>"", " <currency>" & 'Фид (легковые)'!I11 & "</currency>", "") & CHAR(10) & IF('Фид (легковые)'!J11<>"", " <run>" & 'Фид (легковые)'!J11 & "</run>", "") & CHAR(10) & IF('Фид (легковые)'!K11<>"", " <vin>" & 'Фид (легковые)'!K11 & "</vin>", "") & CHAR(10) & IF('Фид (легковые)'!L11<>"", " <availability>" & 'Фид (легковые)'!L11 & "</availability>", "") & CHAR(10) & IF('Фид (легковые)'!M11<>"", " <custom>" & 'Фид (легковые)'!M11 & "</custom>", "") & CHAR(10) & IF('Фид (легковые)'!N11<>"", " <state>" & 'Фид (легковые)'!N11 & "</state>", "") & CHAR(10) & IF('Фид (легковые)'!O11<>"", " <owners_number>" & 'Фид (легковые)'!O11 & "</owners_number>", "") & CHAR(10) & IF('Фид (легковые)'!P11<>"", " <pts>" & 'Фид (легковые)'!P11 & "</pts>", "") & CHAR(10) & IF('Фид (легковые)'!Q11<>"", " <wheel>" & 'Фид (легковые)'!Q11 & "</wheel>", "") & CHAR(10) & IF('Фид (легковые)'!R11<>"", " <engine_type>" & 'Фид (легковые)'!R11 & "</engine_type>", "") & CHAR(10) & IF('Фид (легковые)'!S11<>"", " <drive>" & 'Фид (легковые)'!S11 & "</drive>", "") & CHAR(10) & IF('Фид (легковые)'!T11<>"", " <haggle>" & 'Фид (легковые)'!T11 & "</haggle>", "") & CHAR(10) & IF('Фид (легковые)'!U11<>"", " <exchange>" & 'Фид (легковые)'!U11 & "</exchange>", "") & CHAR(10) & IF('Фид (легковые)'!V11<>"", " <max_discount>" & 'Фид (легковые)'!V11 & "</max_discount>", "") & CHAR(10) & IF('Фид (легковые)'!W11<>"", " <description>" & SUBSTITUTE(SUBSTITUTE(SUBSTITUTE('Фид (легковые)'!W11,"&","&amp;"),"<","&lt;"),">","&gt;") & "</description>", "") & CHAR(10) & IF('Фид (легковые)'!X11<>"", " <url>" & 'Фид (легковые)'!X11 & "</url>", "") & CHAR(10) & IF('Фид (легковые)'!Y11<>"", " <images><image>" & SUBSTITUTE(SUBSTITUTE(SUBSTITUTE(SUBSTITUTE('Фид (легковые)'!Y11,"&","&amp;"),"<","&lt;"),">","&gt;"),"|","</image><image>") & "</image></images>", "") & CHAR(10) & " </car>" & CHAR(10), "")
C12: =IF('Фид (легковые)'!B12<>"", " <car>" & CHAR(10) & IF('Фид (легковые)'!A12<>"", " <unique_id>" & 'Фид (легковые)'!A12 & "</unique_id>", "") & CHAR(10) & IF('Фид (легковые)'!B12<>"", " <mark_id>" & 'Фид (легковые)'!B12 & "</mark_id>", "") & CHAR(10) & IF('Фид (легковые)'!C12<>"", " <folder_id>" & 'Фид (легковые)'!C12 & "</folder_id>", "") & CHAR(10) & IF('Фид (легковые)'!D12<>"", " <modification_id>" & 'Фид (легковые)'!D12 & "</modification_id>", "") & CHAR(10) & IF('Фид (легковые)'!E12<>"", " <body_type>" & 'Фид (легковые)'!E12 & "</body_type>", "") & CHAR(10) & IF('Фид (легковые)'!F12<>"", " <year>" & 'Фид (легковые)'!F12 & "</year>", "") & CHAR(10) & IF('Фид (легковые)'!G12<>"", " <color>" & 'Фид (легковые)'!G12 & "</color>", "") & CHAR(10) & IF('Фид (легковые)'!H12<>"", " <price>" & 'Фид (легковые)'!H12 & "</price>", "") & CHAR(10) & IF('Фид (легковые)'!I12<>"", " <currency>" & 'Фид (легковые)'!I12 & "</currency>", "") & CHAR(10) & IF('Фид (легковые)'!J12<>"", " <run>" & 'Фид (легковые)'!J12 & "</run>", "") & CHAR(10) & IF('Фид (легковые)'!K12<>"", " <vin>" & 'Фид (легковые)'!K12 & "</vin>", "") & CHAR(10) & IF('Фид (легковые)'!L12<>"", " <availability>" & 'Фид (легковые)'!L12 & "</availability>", "") & CHAR(10) & IF('Фид (легковые)'!M12<>"", " <custom>" & 'Фид (легковые)'!M12 & "</custom>", "") & CHAR(10) & IF('Фид (легковые)'!N12<>"", " <state>" & 'Фид (легковые)'!N12 & "</state>", "") & CHAR(10) & IF('Фид (легковые)'!O12<>"", " <owners_number>" & 'Фид (легковые)'!O12 & "</owners_number>", "") & CHAR(10) & IF('Фид (легковые)'!P12<>"", " <pts>" & 'Фид (легковые)'!P12 & "</pts>", "") & CHAR(10) & IF('Фид (легковые)'!Q12<>"", " <wheel>" & 'Фид (легковые)'!Q12 & "</wheel>", "") & CHAR(10) & IF('Фид (легковые)'!R12<>"", " <engine_type>" & 'Фид (легковые)'!R12 & "</engine_type>", "") & CHAR(10) & IF('Фид (легковые)'!S12<>"", " <drive>" & 'Фид (легковые)'!S12 & "</drive>", "") & CHAR(10) & IF('Фид (легковые)'!T12<>"", " <haggle>" & 'Фид (легковые)'!T12 & "</haggle>", "") & CHAR(10) & IF('Фид (легковые)'!U12<>"", " <exchange>" & 'Фид (легковые)'!U12 & "</exchange>", "") & CHAR(10) & IF('Фид (легковые)'!V12<>"", " <max_discount>" & 'Фид (легковые)'!V12 & "</max_discount>", "") & CHAR(10) & IF('Фид (легковые)'!W12<>"", " <description>" & SUBSTITUTE(SUBSTITUTE(SUBSTITUTE('Фид (легковые)'!W12,"&","&amp;"),"<","&lt;"),">","&gt;") & "</description>", "") & CHAR(10) & IF('Фид (легковые)'!X12<>"", " <url>" & 'Фид (легковые)'!X12 & "</url>", "") & CHAR(10) & IF('Фид (легковые)'!Y12<>"", " <images><image>" & SUBSTITUTE(SUBSTITUTE(SUBSTITUTE(SUBSTITUTE('Фид (легковые)'!Y12,"&","&amp;"),"<","&lt;"),">","&gt;"),"|","</image><image>") & "</image></images>", "") & CHAR(10) & " </car>" & CHAR(10), "")
C13: =IF('Фид (легковые)'!B13<>"", " <car>" & CHAR(10) & IF('Фид (легковые)'!A13<>"", " <unique_id>" & 'Фид (легковые)'!A13 & "</unique_id>", "") & CHAR(10) & IF('Фид (легковые)'!B13<>"", " <mark_id>" & 'Фид (легковые)'!B13 & "</mark_id>", "") & CHAR(10) & IF('Фид (легковые)'!C13<>"", " <folder_id>" & 'Фид (легковые)'!C13 & "</folder_id>", "") & CHAR(10) & IF('Фид (легковые)'!D13<>"", " <modification_id>" & 'Фид (легковые)'!D13 & "</modification_id>", "") & CHAR(10) & IF('Фид (легковые)'!E13<>"", " <body_type>" & 'Фид (легковые)'!E13 & "</body_type>", "") & CHAR(10) & IF('Фид (легковые)'!F13<>"", " <year>" & 'Фид (легковые)'!F13 & "</year>", "") & CHAR(10) & IF('Фид (легковые)'!G13<>"", " <color>" & 'Фид (легковые)'!G13 & "</color>", "") & CHAR(10) & IF('Фид (легковые)'!H13<>"", " <price>" & 'Фид (легковые)'!H13 & "</price>", "") & CHAR(10) & IF('Фид (легковые)'!I13<>"", " <currency>" & 'Фид (легковые)'!I13 & "</currency>", "") & CHAR(10) & IF('Фид (легковые)'!J13<>"", " <run>" & 'Фид (легковые)'!J13 & "</run>", "") & CHAR(10) & IF('Фид (легковые)'!K13<>"", " <vin>" & 'Фид (легковые)'!K13 & "</vin>", "") & CHAR(10) & IF('Фид (легковые)'!L13<>"", " <availability>" & 'Фид (легковые)'!L13 & "</availability>", "") & CHAR(10) & IF('Фид (легковые)'!M13<>"", " <custom>" & 'Фид (легковые)'!M13 & "</custom>", "") & CHAR(10) & IF('Фид (легковые)'!N13<>"", " <state>" & 'Фид (легковые)'!N13 & "</state>", "") & CHAR(10) & IF('Фид (легковые)'!O13<>"", " <owners_number>" & 'Фид (легковые)'!O13 & "</owners_number>", "") & CHAR(10) & IF('Фид (легковые)'!P13<>"", " <pts>" & 'Фид (легковые)'!P13 & "</pts>", "") & CHAR(10) & IF('Фид (легковые)'!Q13<>"", " <wheel>" & 'Фид (легковые)'!Q13 & "</wheel>", "") & CHAR(10) & IF('Фид (легковые)'!R13<>"", " <engine_type>" & 'Фид (легковые)'!R13 & "</engine_type>", "") & CHAR(10) & IF('Фид (легковые)'!S13<>"", " <drive>" & 'Фид (легковые)'!S13 & "</drive>", "") & CHAR(10) & IF('Фид (легковые)'!T13<>"", " <haggle>" & 'Фид (легковые)'!T13 & "</haggle>", "") & CHAR(10) & IF('Фид (легковые)'!U13<>"", " <exchange>" & 'Фид (легковые)'!U13 & "</exchange>", "") & CHAR(10) & IF('Фид (легковые)'!V13<>"", " <max_discount>" & 'Фид (легковые)'!V13 & "</max_discount>", "") & CHAR(10) & IF('Фид (легковые)'!W13<>"", " <description>" & SUBSTITUTE(SUBSTITUTE(SUBSTITUTE('Фид (легковые)'!W13,"&","&amp;"),"<","&lt;"),">","&gt;") & "</description>", "") & CHAR(10) & IF('Фид (легковые)'!X13<>"", " <url>" & 'Фид (легковые)'!X13 & "</url>", "") & CHAR(10) & IF('Фид (легковые)'!Y13<>"", " <images><image>" & SUBSTITUTE(SUBSTITUTE(SUBSTITUTE(SUBSTITUTE('Фид (легковые)'!Y13,"&","&amp;"),"<","&lt;"),">","&gt;"),"|","</image><image>") & "</image></images>", "") & CHAR(10) & " </car>" & CHAR(10), "")
C14: =IF('Фид (легковые)'!B14<>"", " <car>" & CHAR(10) & IF('Фид (легковые)'!A14<>"", " <unique_id>" & 'Фид (легковые)'!A14 & "</unique_id>", "") & CHAR(10) & IF('Фид (легковые)'!B14<>"", " <mark_id>" & 'Фид (легковые)'!B14 & "</mark_id>", "") & CHAR(10) & IF('Фид (легковые)'!C14<>"", " <folder_id>" & 'Фид (легковые)'!C14 & "</folder_id>", "") & CHAR(10) & IF('Фид (легковые)'!D14<>"", " <modification_id>" & 'Фид (легковые)'!D14 & "</modification_id>", "") & CHAR(10) & IF('Фид (легковые)'!E14<>"", " <body_type>" & 'Фид (легковые)'!E14 & "</body_type>", "") & CHAR(10) & IF('Фид (легковые)'!F14<>"", " <year>" & 'Фид (легковые)'!F14 & "</year>", "") & CHAR(10) & IF('Фид (легковые)'!G14<>"", " <color>" & 'Фид (легковые)'!G14 & "</color>", "") & CHAR(10) & IF('Фид (легковые)'!H14<>"", " <price>" & 'Фид (легковые)'!H14 & "</price>", "") & CHAR(10) & IF('Фид (легковые)'!I14<>"", " <currency>" & 'Фид (легковые)'!I14 & "</currency>", "") & CHAR(10) & IF('Фид (легковые)'!J14<>"", " <run>" & 'Фид (легковые)'!J14 & "</run>", "") & CHAR(10) & IF('Фид (легковые)'!K14<>"", " <vin>" & 'Фид (легковые)'!K14 & "</vin>", "") & CHAR(10) & IF('Фид (легковые)'!L14<>"", " <availability>" & 'Фид (легковые)'!L14 & "</availability>", "") & CHAR(10) & IF('Фид (легковые)'!M14<>"", " <custom>" & 'Фид (легковые)'!M14 & "</custom>", "") & CHAR(10) & IF('Фид (легковые)'!N14<>"", " <state>" & 'Фид (легковые)'!N14 & "</state>", "") & CHAR(10) & IF('Фид (легковые)'!O14<>"", " <owners_number>" & 'Фид (легковые)'!O14 & "</owners_number>", "") & CHAR(10) & IF('Фид (легковые)'!P14<>"", " <pts>" & 'Фид (легковые)'!P14 & "</pts>", "") & CHAR(10) & IF('Фид (легковые)'!Q14<>"", " <wheel>" & 'Фид (легковые)'!Q14 & "</wheel>", "") & CHAR(10) & IF('Фид (легковые)'!R14<>"", " <engine_type>" & 'Фид (легковые)'!R14 & "</engine_type>", "") & CHAR(10) & IF('Фид (легковые)'!S14<>"", " <drive>" & 'Фид (легковые)'!S14 & "</drive>", "") & CHAR(10) & IF('Фид (легковые)'!T14<>"", " <haggle>" & 'Фид (легковые)'!T14 & "</haggle>", "") & CHAR(10) & IF('Фид (легковые)'!U14<>"", " <exchange>" & 'Фид (легковые)'!U14 & "</exchange>", "") & CHAR(10) & IF('Фид (легковые)'!V14<>"", " <max_discount>" & 'Фид (легковые)'!V14 & "</max_discount>", "") & CHAR(10) & IF('Фид (легковые)'!W14<>"", " <description>" & SUBSTITUTE(SUBSTITUTE(SUBSTITUTE('Фид (легковые)'!W14,"&","&amp;"),"<","&lt;"),">","&gt;") & "</description>", "") & CHAR(10) & IF('Фид (легковые)'!X14<>"", " <url>" & 'Фид (легковые)'!X14 & "</url>", "") & CHAR(10) & IF('Фид (легковые)'!Y14<>"", " <images><image>" & SUBSTITUTE(SUBSTITUTE(SUBSTITUTE(SUBSTITUTE('Фид (легковые)'!Y14,"&","&amp;"),"<","&lt;"),">","&gt;"),"|","</image><image>") & "</image></images>", "") & CHAR(10) & " </car>" & CHAR(10), "")
C15: =IF('Фид (легковые)'!B15<>"", " <car>" & CHAR(10) & IF('Фид (легковые)'!A15<>"", " <unique_id>" & 'Фид (легковые)'!A15 & "</unique_id>", "") & CHAR(10) & IF('Фид (легковые)'!B15<>"", " <mark_id>" & 'Фид (легковые)'!B15 & "</mark_id>", "") & CHAR(10) & IF('Фид (легковые)'!C15<>"", " <folder_id>" & 'Фид (легковые)'!C15 & "</folder_id>", "") & CHAR(10) & IF('Фид (легковые)'!D15<>"", " <modification_id>" & 'Фид (легковые)'!D15 & "</modification_id>", "") & CHAR(10) & IF('Фид (легковые)'!E15<>"", " <body_type>" & 'Фид (легковые)'!E15 & "</body_type>", "") & CHAR(10) & IF('Фид (легковые)'!F15<>"", " <year>" & 'Фид (легковые)'!F15 & "</year>", "") & CHAR(10) & IF('Фид (легковые)'!G15<>"", " <color>" & 'Фид (легковые)'!G15 & "</color>", "") & CHAR(10) & IF('Фид (легковые)'!H15<>"", " <price>" & 'Фид (легковые)'!H15 & "</price>", "") & CHAR(10) & IF('Фид (легковые)'!I15<>"", " <currency>" & 'Фид (легковые)'!I15 & "</currency>", "") & CHAR(10) & IF('Фид (легковые)'!J15<>"", " <run>" & 'Фид (легковые)'!J15 & "</run>", "") & CHAR(10) & IF('Фид (легковые)'!K15<>"", " <vin>" & 'Фид (легковые)'!K15 & "</vin>", "") & CHAR(10) & IF('Фид (легковые)'!L15<>"", " <availability>" & 'Фид (легковые)'!L15 & "</availability>", "") & CHAR(10) & IF('Фид (легковые)'!M15<>"", " <custom>" & 'Фид (легковые)'!M15 & "</custom>", "") & CHAR(10) & IF('Фид (легковые)'!N15<>"", " <state>" & 'Фид (легковые)'!N15 & "</state>", "") & CHAR(10) & IF('Фид (легковые)'!O15<>"", " <owners_number>" & 'Фид (легковые)'!O15 & "</owners_number>", "") & CHAR(10) & IF('Фид (легковые)'!P15<>"", " <pts>" & 'Фид (легковые)'!P15 & "</pts>", "") & CHAR(10) & IF('Фид (легковые)'!Q15<>"", " <wheel>" & 'Фид (легковые)'!Q15 & "</wheel>", "") & CHAR(10) & IF('Фид (легковые)'!R15<>"", " <engine_type>" & 'Фид (легковые)'!R15 & "</engine_type>", "") & CHAR(10) & IF('Фид (легковые)'!S15<>"", " <drive>" & 'Фид (легковые)'!S15 & "</drive>", "") & CHAR(10) & IF('Фид (легковые)'!T15<>"", " <haggle>" & 'Фид (легковые)'!T15 & "</haggle>", "") & CHAR(10) & IF('Фид (легковые)'!U15<>"", " <exchange>" & 'Фид (легковые)'!U15 & "</exchange>", "") & CHAR(10) & IF('Фид (легковые)'!V15<>"", " <max_discount>" & 'Фид (легковые)'!V15 & "</max_discount>", "") & CHAR(10) & IF('Фид (легковые)'!W15<>"", " <description>" & SUBSTITUTE(SUBSTITUTE(SUBSTITUTE('Фид (легковые)'!W15,"&","&amp;"),"<","&lt;"),">","&gt;") & "</description>", "") & CHAR(10) & IF('Фид (легковые)'!X15<>"", " <url>" & 'Фид (легковые)'!X15 & "</url>", "") & CHAR(10) & IF('Фид (легковые)'!Y15<>"", " <images><image>" & SUBSTITUTE(SUBSTITUTE(SUBSTITUTE(SUBSTITUTE('Фид (легковые)'!Y15,"&","&amp;"),"<","&lt;"),">","&gt;"),"|","</image><image>") & "</image></images>", "") & CHAR(10) & " </car>" & CHAR(10), "")
... C30: =IF('Фид (легковые)'!B30<>"", " <car>" & CHAR(10) & IF('Фид (легковые)'!A30<>"", " <unique_id>" & 'Фид (легковые)'!A30 & "</unique_id>", "") & CHAR(10) & IF('Фид (легковые)'!B30<>"", " <mark_id>" & 'Фид (легковые)'!B30 & "</mark_id>", "") & CHAR(10) & IF('Фид (легковые)'!C30<>"", " <folder_id>" & 'Фид (легковые)'!C30 & "</folder_id>", "") & CHAR(10) & IF('Фид (легковые)'!D30<>"", " <modification_id>" & 'Фид (легковые)'!D30 & "</modification_id>", "") & CHAR(10) & IF('Фид (легковые)'!E30<>"", " <body_type>" & 'Фид (легковые)'!E30 & "</body_type>", "") & CHAR(10) & IF('Фид (легковые)'!F30<>"", " <year>" & 'Фид (легковые)'!F30 & "</year>", "") & CHAR(10) & IF('Фид (легковые)'!G30<>"", " <color>" & 'Фид (легковые)'!G30 & "</color>", "") & CHAR(10) & IF('Фид (легковые)'!H30<>"", " <price>" & 'Фид (легковые)'!H30 & "</price>", "") & CHAR(10) & IF('Фид (легковые)'!I30<>"", " <currency>" & 'Фид (легковые)'!I30 & "</currency>", "") & CHAR(10) & IF('Фид (легковые)'!J30<>"", " <run>" & 'Фид (легковые)'!J30 & "</run>", "") & CHAR(10) & IF('Фид (легковые)'!K30<>"", " <vin>" & 'Фид (легковые)'!K30 & "</vin>", "") & CHAR(10) & IF('Фид (легковые)'!L30<>"", " <availability>" & 'Фид (легковые)'!L30 & "</availability>", "") & CHAR(10) & IF('Фид (легковые)'!M30<>"", " <custom>" & 'Фид (легковые)'!M30 & "</custom>", "") & CHAR(10) & IF('Фид (легковые)'!N30<>"", " <state>" & 'Фид (легковые)'!N30 & "</state>", "") & CHAR(10) & IF('Фид (легковые)'!O30<>"", " <owners_number>" & 'Фид (легковые)'!O30 & "</owners_number>", "") & CHAR(10) & IF('Фид (легковые)'!P30<>"", " <pts>" & 'Фид (легковые)'!P30 & "</pts>", "") & CHAR(10) & IF('Фид (легковые)'!Q30<>"", " <wheel>" & 'Фид (легковые)'!Q30 & "</wheel>", "") & CHAR(10) & IF('Фид (легковые)'!R30<>"", " <engine_type>" & 'Фид (легковые)'!R30 & "</engine_type>", "") & CHAR(10) & IF('Фид (легковые)'!S30<>"", " <drive>" & 'Фид (легковые)'!S30 & "</drive>", "") & CHAR(10) & IF('Фид (легковые)'!T30<>"", " <haggle>" & 'Фид (легковые)'!T30 & "</haggle>", "") & CHAR(10) & IF('Фид (легковые)'!U30<>"", " <exchange>" & 'Фид (легковые)'!U30 & "</exchange>", "") & CHAR(10) & IF('Фид (легковые)'!V30<>"", " <max_discount>" & 'Фид (легковые)'!V30 & "</max_discount>", "") & CHAR(10) & IF('Фид (легковые)'!W30<>"", " <description>" & SUBSTITUTE(SUBSTITUTE(SUBSTITUTE('Фид (легковые)'!W30,"&","&amp;"),"<","&lt;"),">","&gt;") & "</description>", "") & CHAR(10) & IF('Фид (легковые)'!X30<>"", " <url>" & 'Фид (легковые)'!X30 & "</url>", "") & CHAR(10) & IF('Фид (легковые)'!Y30<>"", " <images><image>" & SUBSTITUTE(SUBSTITUTE(SUBSTITUTE(SUBSTITUTE('Фид (легковые)'!Y30,"&","&amp;"),"<","&lt;"),">","&gt;"),"|","</image><image>") & "</image></images>", "") & CHAR(10) & " </car>" & CHAR(10), "")
